{
  "manifest_version": 2,

  "name": "Ambieye for Philips Hue",
  "short_name": "Ambieye",
  "description": "Ambieye — ambient lighting for the web with Philips Hue lights",
  "version": "1.6.9",

  "author": "Dmitry Sadakov (sadakov.com)",
  "icons": { "128": "images/ambieye-ico-on.png" },
  "permissions": [
    "activeTab",
    "<all_urls>",
    "https://www.meethue.com/"
  ],
  "background": {
    "scripts": [
		"scripts/background.min.js"
    ]
  },
  "browser_action": {
    "default_icon": "images/ambieye-ico-on.png",
    "default_popup": "index.html"
  },
  "content_security_policy": "script-src 'self' https://cdn.mxpnl.com https://*.list-manage.com https://*.uservoice.com https://colorlovers.herokuapp.com https://www.google-analytics.com; object-src 'self';"
}